contractCategory,currency,expiry,externalIdBundle,name,position:quantity,settlementExchange,trade:counterpartyExternalId,trade:premium,trade:premiumCurrency,trade:premiumDate,trade:premiumTime,trade:quantity,trade:tradeDate,trade:tradeTime,tradingExchange,underlyingId,unitAmount
Index,USD,2020-06-15T00:00Z,OG_SYNTHETIC_TICKER~ES/20M,E Mini S&P 500 2020-06-21 Future,34,GLBX,Cpty~16,52360,USD,2019-03-15,,34,2019-03-28,12:00Z,GLBX,OG_SYNTHETIC_TICKER~SPX,50
Index,USD,2020-12-21T00:00Z,OG_SYNTHETIC_TICKER~ES/20Z,E Mini S&P 500 2020-12-10 Future,10,GLBX,Cpty~16,15450,USD,2019-03-25,,10,2019-03-28,12:00Z,GLBX,OG_SYNTHETIC_TICKER~SPX,50
Index,USD,2020-12-21T00:00Z,OG_SYNTHETIC_TICKER~TF/20M,Russell 2000 Index Mini ($100) 2020-06-21 Future,41,IEPA,Cpty~13,38589.2,USD,2019-04-10,,41,2019-04-10,12:00Z,IEPA,OG_SYNTHETIC_TICKER~RUO,100
Index,USD,2020-09-21T00:00Z,OG_SYNTHETIC_TICKER~TF/20U,Russell 2000 Index Mini ($100) 2020-09-20 Future,18,IEPA,Cpty~13,16943.4,USD,2019-04-10,,18,2019-04-10,12:00Z,IEPA,OG_SYNTHETIC_TICKER~RUO,100
Index,USD,2020-09-21T00:00Z,OG_SYNTHETIC_TICKER~ES/20U,E Mini S&P 500 2020-09-20 Future,50,GLBX,Cpty~16,79080,USD,2019-04-12,,50,2019-04-12,12:00Z,GLBX,OG_SYNTHETIC_TICKER~SPX,50
Index,USD,2020-06-15T00:00Z,OG_SYNTHETIC_TICKER~SP/20M,S&P 500 2020-06-21 Future,-2,GLBX,Cpty~16,-3064.6,USD,2019-03-06,,-2,2019-03-06,12:00Z,GLBX,OG_SYNTHETIC_TICKER~SPX,250
Index,USD,2020-09-21T00:00Z,OG_SYNTHETIC_TICKER~SP/20U,S&P 500 2020-09-20 Future,-2,GLBX,Cpty~16,-3086,USD,2019-03-08,,-2,2019-03-08,12:00Z,GLBX,OG_SYNTHETIC_TICKER~SPX,250
