contractCategory,currency,expiry,externalIdBundle,name,position:quantity,settlementExchange,trade:counterpartyExternalId,trade:premium,trade:premiumCurrency,trade:premiumDate,trade:premiumTime,trade:quantity,trade:tradeDate,trade:tradeTime,tradingExchange,underlyingId,unitAmount
Index,USD,2018-06-15T00:00Z,OG_SYNTHETIC_TICKER~ES/18M,E Mini S&P 500 2018-06-15 Future,34,GLBX,Cpty~16,52360,USD,2017-03-15,,34,2017-03-28,12:00Z,GLBX,OG_SYNTHETIC_TICKER~SPX,50
Index,USD,2018-12-21T00:00Z,OG_SYNTHETIC_TICKER~ES/18Z,E Mini S&P 500 2018-12-21 Future,10,GLBX,Cpty~16,15450,USD,2017-03-25,,10,2017-03-28,12:00Z,GLBX,OG_SYNTHETIC_TICKER~SPX,50
Index,USD,2018-12-21T00:00Z,OG_SYNTHETIC_TICKER~TF/18M,Russell 2000 Index Mini ($100) 2018-06-15 Future,41,IEPA,Cpty~13,38589.2,USD,2017-04-10,,41,2017-04-10,12:00Z,IEPA,OG_SYNTHETIC_TICKER~RUO,100
Index,USD,2018-09-21T00:00Z,OG_SYNTHETIC_TICKER~TF/18U,Russell 2000 Index Mini ($100) 2018-09-21 Future,18,IEPA,Cpty~13,16943.4,USD,2017-04-10,,18,2017-04-10,12:00Z,IEPA,OG_SYNTHETIC_TICKER~RUO,100
Index,USD,2018-09-21T00:00Z,OG_SYNTHETIC_TICKER~ES/18U,E Mini S&P 500 2018-09-21 Future,50,GLBX,Cpty~16,79080,USD,2017-04-12,,50,2017-04-12,12:00Z,GLBX,OG_SYNTHETIC_TICKER~SPX,50
Index,USD,2018-06-15T00:00Z,OG_SYNTHETIC_TICKER~SP/18M,S&P 500 2018-06-15 Future,-2,GLBX,Cpty~16,-3064.6,USD,2017-03-06,,-2,2017-03-06,12:00Z,GLBX,OG_SYNTHETIC_TICKER~SPX,250
Index,USD,2018-09-21T00:00Z,OG_SYNTHETIC_TICKER~SP/18U,S&P 500 2018-09-21 Future,-2,GLBX,Cpty~16,-3086,USD,2017-03-08,,-2,2017-03-08,12:00Z,GLBX,OG_SYNTHETIC_TICKER~SPX,250
