"currency","exchange","exerciseType","expiry","externalIdBundle","name","optionType","pointValue","position:quantity","strike","trade:counterpartyExternalId","trade:premium","trade:premiumCurrency","trade:premiumDate","trade:premiumTime","trade:quantity","trade:tradeDate","trade:tradeTime","underlyingEquitySecurity:companyName","underlyingEquitySecurity:currency","underlyingEquitySecurity:exchange","underlyingEquitySecurity:exchangeCode","underlyingEquitySecurity:externalIdBundle","underlyingEquitySecurity:name","underlyingEquitySecurity:preferred","underlyingEquitySecurity:shortName","underlyingId"
"USD","Unknown","American","2014-10-17T00:00Z","OG_SYNTHETIC_TICKER~AAPL/2014-10-17 C 370.0","AAPL 2014-10-17 C 370.0","CALL","100.0","1","370.0","Cpty~Other","3.15","USD","","","1","2014-10-11","12:00Z","Apple Inc","USD","NASDAQ OMX","XNAS","OG_SYNTHETIC_TICKER~AAPL","Apple Inc","false","AAPL","OG_SYNTHETIC_TICKER~AAPL"
"USD","Unknown","American","2014-10-17T00:00Z","OG_SYNTHETIC_TICKER~AAPL/2014-10-17 C 396.0","AAPL 2014-10-17 C 396.0","CALL","100.0","-40","396.0","Cpty~Other","1.54","USD","","","-40","2014-10-17","12:00Z","Apple Inc","USD","NASDAQ OMX","XNAS","OG_SYNTHETIC_TICKER~AAPL","Apple Inc","false","AAPL","OG_SYNTHETIC_TICKER~AAPL"
"USD","Unknown","American","2014-10-17T00:00Z","OG_SYNTHETIC_TICKER~AAPL/2014-10-17 C 387.0","AAPL 2014-10-17 C 387.0","CALL","100.0","3","387.0","Cpty~Other","0.13","USD","","","3","2014-10-11","12:00Z","Apple Inc","USD","NASDAQ OMX","XNAS","OG_SYNTHETIC_TICKER~AAPL","Apple Inc","false","AAPL","OG_SYNTHETIC_TICKER~AAPL"
"USD","Unknown","American","2014-10-17T00:00Z","OG_SYNTHETIC_TICKER~AAPL/2014-10-17 P 410.0","AAPL 2014-10-17 P 435.0","PUT","100.0","-45","435.0","Cpty~Other","2.975","USD","","","-45","2014-10-11","12:00Z","Apple Inc","USD","NASDAQ OMX","XNAS","OG_SYNTHETIC_TICKER~AAPL","Apple Inc","false","AAPL","OG_SYNTHETIC_TICKER~AAPL"
"USD","Unknown","American","2014-10-17T00:00Z","OG_SYNTHETIC_TICKER~AAPL/2014-10-17 P 400.0","AAPL 2014-10-17 P 400.0","PUT","100.0","-4","400.0","Cpty~Other","0.055","USD","","","-4","2014-10-11","12:00Z","Apple Inc","USD","NASDAQ OMX","XNAS","OG_SYNTHETIC_TICKER~AAPL","Apple Inc","false","AAPL","OG_SYNTHETIC_TICKER~AAPL"
"USD","Unknown","American","2014-11-21T00:00Z","OG_SYNTHETIC_TICKER~AAPL/2014-11-21 C 390.0","AAPL 2014-11-21 C 390.0","CALL","100.0","-3","390.0","Cpty~Other","0.045","USD","","","-3","2014-10-11","12:00Z","Apple Inc","USD","NASDAQ OMX","XNAS","OG_SYNTHETIC_TICKER~AAPL","Apple Inc","false","AAPL","OG_SYNTHETIC_TICKER~AAPL"
"USD","Unknown","American","2014-10-17T00:00Z","OG_SYNTHETIC_TICKER~AAPL/2014-10-17 C 410.0","AAPL 2014-10-17 C 410.0","CALL","100.0","-1","410.0","Cpty~Other","0.515","USD","","","-1","2014-10-11","12:00Z","Apple Inc","USD","NASDAQ OMX","XNAS","OG_SYNTHETIC_TICKER~AAPL","Apple Inc","false","AAPL","OG_SYNTHETIC_TICKER~AAPL"
"USD","Unknown","American","2014-11-21T00:00Z","OG_SYNTHETIC_TICKER~AAPL/2014-11-21 C 399.0","AAPL 2014-11-21 C 399.0","CALL","100.0","-1","399.0","Cpty~Other","0.62","USD","","","-1","2014-11-11","12:00Z","Apple Inc","USD","NASDAQ OMX","XNAS","OG_SYNTHETIC_TICKER~AAPL","Apple Inc","false","AAPL","OG_SYNTHETIC_TICKER~AAPL"
"USD","Unknown","American","2014-11-21T00:00Z","OG_SYNTHETIC_TICKER~AAPL/2014-11-21 C 420.0","AAPL 2014-11-21 C 420.0","CALL","100.0","-2","420.0","Cpty~Other","0.01","USD","","","-2","2014-11-11","12:00Z","Apple Inc","USD","NASDAQ OMX","XNAS","OG_SYNTHETIC_TICKER~AAPL","Apple Inc","false","AAPL","OG_SYNTHETIC_TICKER~AAPL"
